gamma;w;alpha_f
5.091170205;6.4764458;-6.3442514
5.09117;6.47067;-6.33774
5.0911;6.36282;-6.217
5.091;6.299;-6.146
5.09;5.999;-5.822
5.08;4.868;-4.719
5.07;4.116;-4.096
5.06;3.421;-3.606
5.05;2.7;-3.186
5.04;1.844;-2.812
5.031;0.48;-2.504
5.0305;0.249;-2.487
5.0304;0.168;-2.484
5.03035;0.107;-2.482
5.03034;0.09;-2.482
5.03033;0.069358699;-2.481606
5.03032;0.038080876;-2.4812772
5.030315688;0.001101646;-2.4811354